last_name, first_name,player_id,year,barrel_batted_rate,poorlyweak_percent,fastball_avg_speed,fastball_avg_spin,fastball_avg_break,breaking_avg_speed,breaking_avg_spin,breaking_avg_break,offspeed_avg_speed,offspeed_avg_spin,offspeed_avg_break,
Wainwright, Adam,425794,2020,6.3,5.2,87.6,2253,13.5,73.5,2791,22,81.8,1683,15.3,
Greinke, Zack,425844,2020,8.2,4.6,88.1,2327,17.6,77.7,2425,12.2,86.2,1668,14,
Lester, Jon,452657,2020,12.3,4.4,88.4,2240,14.2,73.4,2569,11.8,83.3,1913,15.1,
Scherzer, Max,453286,2020,8.4,5,94,2489,17.2,82.8,2511,9,84.9,1440,15,
Cueto, Johnny,456501,2020,5.7,2.1,91.3,2198,18.6,82.1,2301,5.4,82.5,1333,12.5,
Lynn, Lance,458681,2020,5.4,3.6,92.5,2485,14.4,83.9,2609,6.6,85,1844,12.9,
Carrasco, Carlos,471911,2020,8.3,4.7,93.5,2458,17.6,85.5,2809,6.9,87.7,1317,7.6,
Gibson, Kyle,502043,2020,7.2,5.8,92.2,2171,18.3,81.9,2462,7.2,84.4,1652,16.3,
Darvish, Yu,506433,2020,6.4,4.3,90.1,2698,11.5,80.1,2768,15.8,90.2,1645,11.7,
Perez, Martin,527048,2020,7.6,5.4,90.4,2087,15.1,77.7,2521,7.9,83.7,1704,17.3,
Cole, Gerrit,543037,2020,9.1,3.4,96.7,2505,21.7,86.5,2672,10.1,88.3,1750,18.9,
Hendricks, Kyle,543294,2020,4.5,4.1,87.3,1903,16,72.1,2811,19.6,79.7,2062,16.7,
Bauer, Trevor,545333,2020,6.3,5.1,91,2817,17.4,80.2,2942,19.8,85,1731,17.2,
Ryu, Hyun Jin,547943,2020,3.2,7,87.9,2001,13.2,72.3,2542,19.2,79.6,1478,15,
Wheeler, Zack,554430,2020,3.8,6.1,96.8,2288,16.6,86,2485,10.1,90.3,1655,16.8,
Boyd, Matthew,571510,2020,10.9,3.8,91.7,2302,18.2,78,2369,9,79.1,1882,17.5,
Corbin, Patrick,571578,2020,6.5,3.2,90.1,2116,18.1,78.5,2222,4.4,77.7,1550,15.7,
Heaney, Andrew,571760,2020,7.4,3.2,91.5,2435,21,79.2,2550,7.2,83,2005,18.3,
Keuchel, Dallas,572971,2020,4,7.6,86.1,2139,11.6,75.8,2280,9.1,78.6,1680,15.8,
deGrom, Jacob,594798,2020,9.6,3.4,98.6,2477,18.2,91.9,2570,6.6,91.4,1638,14.5,
Gonzales, Marco,594835,2020,8.4,5,87,2153,17,75.3,2294,16.3,80.6,2114,19.5,
Bassitt, Chris,605135,2020,5.9,5.3,91.4,2143,15.8,71.3,2198,17.7,83.6,1950,19.9,
Bundy, Dylan,605164,2020,4.6,6.9,90.1,2409,19.9,77.9,2478,8.4,82.2,1620,15.7,
Davies, Zach,605200,2020,10.3,5.7,88.1,2085,18.2,74.5,2509,15.1,79.4,1728,16.7,
Nola, Aaron,605400,2020,5.4,4.8,92.3,2143,19.5,78.6,2499,18.3,84.9,1518,15,
Woodruff, Brandon,605540,2020,7.2,4.4,96.4,2413,18.9,86.4,2555,6.6,86.7,1817,18.1,
Freeland, Kyle,607536,2020,5.6,7.8,91.9,2418,15.9,83.6,2458,6.8,86,1375,12.3,
Giolito, Lucas,608337,2020,5.6,7.5,94,2349,20,84.4,2120,6.2,80.9,1410,15.9,
Marquez, German,608566,2020,4.9,3.3,95.6,2152,15.5,86.5,2589,5.2,86.8,1816,16.4,
Mills, Alec,621219,2020,9.2,6.5,89.8,2183,17.5,71,2460,16.8,80.7,1709,15.9,
Berrios, Jose,621244,2020,6.3,5.2,94.2,2160,18.9,83.4,2352,15.1,84.7,1531,13.5,
Castillo, Luis,622491,2020,4.5,7.3,97.4,2142,17.6,86.8,2484,1.9,88.2,1942,16.6,
Senzatela, Antonio,622608,2020,5.4,3.3,94.3,2140,12.3,84.5,2213,7.1,86.4,2133,12.4,
Maeda, Kenta,628317,2020,7,5.1,91,2271,16.7,82.6,2511,8.8,84.5,1488,13,
Civale, Aaron,650644,2020,6.7,4.9,89.7,2382,14.4,77.7,2799,16.4,85.3,2028,17.8,
Lamet, Dinelson,659275,2020,7.3,1.3,97,2485,18.8,86.5,2614,6.3,,,,
Singer, Brady,663903,2020,4.5,5.1,93.3,2240,18.3,83.1,2387,5.6,87.8,2164,18.8,
Valdez, Framber,664285,2020,7.9,1.6,93.1,2254,14,80.5,2982,19.2,88.8,1720,13.5,
Gallen, Zac,668678,2020,7.2,3.3,90.8,2365,14.4,81.6,2431,11.2,84.9,1530,13.9,
Bieber, Shane,669456,2020,7.2,3.9,92.7,2407,17.2,83.9,2413,13.2,88.7,1665,16.8,
Colon, Bartolo,112526,2016,5.3,2.4,88.4,2148,17.4,82.5,2282,7.9,81.4,1683,16.2,
Sabathia, CC,282332,2016,4.4,5,89.3,2104,14.3,80.4,2085,11.7,82.5,1957,14.6,
Dickey, R.A.,285079,2016,7.3,5.6,82.9,1889,17.4,76.6,1592,9.8,,,,
Lackey, John,407793,2016,5.9,2.2,90,2244,13.7,78.9,2329,12,84.9,1871,16.6,
Wainwright, Adam,425794,2016,5.9,4.3,88.8,2241,13.1,74.4,2657,22.9,83.3,1583,14.4,
Santana, Ervin,429722,2016,5.9,3,93.3,2243,16.4,84.1,2081,10.2,85.6,1456,14.9,
Hamels, Cole,430935,2016,6,4.3,92,2071,17.4,79.8,2141,11.4,84.7,1623,18.5,
Verlander, Justin,434378,2016,7.5,2.9,94.1,2558,21.3,84.1,2612,12.8,85.9,2057,18.6,
Liriano, Francisco,434538,2016,6.4,3.2,93.3,2040,19.3,85.9,2231,5.6,85.9,1784,18.1,
Hammel, Jason,434628,2016,7.2,3.3,92.7,2199,17.7,83.9,2319,9.6,85.4,1692,15.8,
Nolasco, Ricky,445060,2016,6.4,2.9,91,2041,17.3,79.7,2302,9.8,80,1386,10.1,
Kluber, Corey,446372,2016,6,3.2,93,2308,16.6,87,2622,13.8,85.8,1673,12.7,
Shields, James,448306,2016,8.4,2.9,89.7,2276,15,77.6,2531,14.2,84.3,1766,15.7,
Garcia, Jaime,448802,2016,5.7,3.4,91.1,2343,13.7,80.4,2806,14.2,82.8,2019,16.1,
Volquez, Edinson,450172,2016,6.3,2.5,93.8,2308,18.6,80.5,2817,14.5,84,1200,12.3,
Weaver, Jered,450308,2016,7.4,3,83.5,2213,19.5,72.7,2457,12.8,74.9,1850,18.3,
Fister, Doug,450729,2016,4.5,4.9,86.8,1998,15.3,70.9,2060,18.5,79.5,1640,13.1,
Lester, Jon,452657,2016,4.1,3.5,91.7,2283,16.4,75,2532,13.3,85.4,1744,16.5,
Kennedy, Ian,453178,2016,7.7,2.7,92.8,2388,20.5,81,2308,13.9,84.5,1887,17.2,
Scherzer, Max,453286,2016,6.1,3.8,94.8,2548,19,84.6,2379,6.9,85.8,1514,15.7,
Arrieta, Jake,453562,2016,4.8,4,94.4,2307,17.9,86.3,2581,13.8,89.3,2070,16.5,
Price, David,456034,2016,6.3,3.8,92.1,2120,18.4,79.5,2203,8.5,85.1,1806,20.5,
Cueto, Johnny,456501,2016,4.4,3.7,91.2,2280,16.4,83.9,2280,6.8,83.3,1573,12,
Happ, J.A.,457918,2016,7.4,3.5,92.2,2348,19.8,83.2,2212,6.9,84.4,1934,21.7,
Tomlin, Josh,458708,2016,7.2,3.3,87.2,2508,14.5,75.6,2753,16.2,83.9,1735,14.4,
Gonzalez, Gio,461829,2016,5.9,2.5,91.4,2226,19.6,77.7,2842,18.4,84.4,1708,16.5,
Estrada, Marco,462136,2016,7.4,3.5,88.3,2413,21.3,76.6,2687,16.2,77.5,2142,21.3,
Nova, Ivan,467100,2016,6.7,2.1,93.2,2171,17.1,81.2,2282,10.1,86.9,2006,16.2,
Hellickson, Jeremy,476451,2016,6.9,2.6,90.6,2091,19.8,80.7,2736,16.7,81.1,1791,15,
Miley, Wade,489119,2016,6.7,2.7,90.9,2160,19,82.1,2329,8,83.1,1933,19.6,
Quintana, Jose,500779,2016,4.5,2.5,92.6,2042,18,78.1,2134,9.1,86.6,1322,16.6,
Pineda, Michael,501381,2016,6.7,2.5,94.7,2083,13.9,86.1,2004,4.7,89.1,1896,16.2,
Tillman, Chris,501957,2016,7.8,1.4,92.3,2303,18.9,81.6,2183,13.9,84.3,1651,16.1,
Archer, Chris,502042,2016,8.4,2.9,95,2190,18.7,88.8,2315,8.8,87.4,1810,12.9,
Samardzija, Jeff,502188,2016,6.1,2.5,94.4,2451,15.4,84.9,2387,7.8,86.3,1595,13.8,
Leake, Mike,502190,2016,6.2,3,90.8,2121,11.2,80.5,2525,14.2,85.4,1838,14.5,
Santiago, Hector,502327,2016,9.3,2.7,91.5,2242,21.3,77.2,2140,9,83.4,2004,21.5,
Bettis, Chad,518452,2016,5.6,3.8,92.1,1945,12.2,82.3,2142,10.1,86.6,1521,9.3,
Bumgarner, Madison,518516,2016,6.7,2.5,89.8,2305,14.9,75.8,2367,14.7,83.9,1667,17.2,
Duffy, Danny,518633,2016,7.9,2.8,95.4,2216,21.1,84.1,2312,7.7,85.8,2512,21.1,
Moore, Matt,519043,2016,6.4,2.9,93.2,2279,21.7,81.9,2514,12.6,84.9,1564,19.2,
Nelson, Jimmy,519076,2016,5.5,4.3,93.7,2220,15.9,85.9,2363,11.8,86.4,2004,14.5,
Pomeranz, Drew,519141,2016,7.3,4.2,90.5,2449,16.8,79.7,2160,17.4,87,2299,20.4,
Porcello, Rick,519144,2016,7,2.6,90.9,2395,17.5,79.6,2654,15.8,81.4,1688,14.4,
Sale, Chris,519242,2016,5.7,2,93.7,2235,20.1,79.1,2251,13.8,86.8,2137,20.7,
Perez, Martin,527048,2016,6,2.1,93.3,2063,20.9,82.9,2302,5.8,84.9,1707,19.6,
Teheran, Julio,527054,2016,6.5,3,91.5,2254,17.2,79.1,2373,8.1,82.9,1518,15.9,
Hendricks, Kyle,543294,2016,3.4,3.1,88.3,2018,14.4,76,2880,18.4,80.7,2113,12,
Koehler, Tom,543408,2016,6.7,3.5,92.5,2093,18.3,82.8,2329,12.8,85.2,1614,15.3,
McHugh, Collin,543521,2016,4.7,4.5,89.2,2341,14.2,72.9,2619,22.3,84.1,1650,13,
Odorizzi, Jake,543606,2016,8.4,1.6,91.7,2256,20.1,79.8,2203,13.9,85.3,1514,14.2,
Roark, Tanner,543699,2016,5.4,3,92.7,2076,18.3,82.2,2555,11.2,84.4,1846,17.1,
Bauer, Trevor,545333,2016,5.7,2.8,92.8,2288,17.3,77.6,2513,20.6,87,1739,15.5,
Iwakuma, Hisashi,547874,2016,5.8,3.3,88.1,2129,15.3,78.4,2230,11.6,83.7,1541,12.9,
Tanaka, Masahiro,547888,2016,4.3,3.3,90.9,2096,17.3,83.1,2237,9.1,87.2,1594,12.8,
Ventura, Yordano,570649,2016,7.8,3.1,96.8,2122,19,83.6,2626,12.8,86.7,1500,13.7,
Fiers, Mike,571666,2016,6.1,2,89.4,2215,19.2,76.5,2581,20.1,83.1,1765,13,
Keuchel, Dallas,572971,2016,6.9,3.7,88.5,2099,14.9,78.5,2201,12.3,80,1598,18.6,
Straily, Dan,573185,2016,7.5,1.8,89.8,2205,18.1,82,2322,8.9,82.9,1314,11.1,
Stroman, Marcus,573186,2016,4.9,3,92.3,2306,10.7,83.9,2654,13.8,85.1,1444,14.8,
Gausman, Kevin,592332,2016,7.2,3.6,95.3,2303,20,80.3,2266,7.1,85.1,1585,14.9,
Gray, Jon,592351,2016,6.2,4,95.8,2183,16.8,85.9,2440,10.4,85.9,1683,14.2,
Ray, Robbie,592662,2016,6.9,2.3,94.8,2274,21.4,84.8,2152,5.4,87.2,1918,17.2,
Sanchez, Aaron,592717,2016,6.1,2,95.4,2270,19,78.6,2844,21.8,88.8,2051,18.8,
Smyly, Drew,592767,2016,6.7,3.7,89.6,2170,20.8,76.2,1762,8.9,80.3,1477,19.4,
Syndergaard, Noah,592789,2016,3.5,3.3,98.6,2183,18.2,89,2112,7.9,90.3,1765,16.9,
Martinez, Carlos,593372,2016,3.8,3.8,96.4,2085,17,85.4,2146,11,87.6,2009,16.3,
Eickhoff, Jerad,595191,2016,5.7,2.9,91.6,2209,18.4,78.5,2433,12.5,84.6,1806,17.8,
Davies, Zach,605200,2016,5.2,3.4,89.1,2107,16.7,72.8,2544,20.3,79.1,1742,16.4,
Fernandez, Jose,605228,2016,3.8,2.4,95.8,2431,18.2,84.3,2379,13.8,88.8,1552,15.9,
Finnegan, Brandon,605232,2016,8,3.8,92.3,2187,19,84,2142,6,85.5,1646,17.2,
Rodon, Carlos,607074,2016,4.5,1.9,94,2178,18.1,87.2,2315,8.4,84.1,1610,16.6,
Graveman, Kendall,608665,2016,5.5,3.4,92.1,2301,14.6,80.2,2320,13.3,85.6,1700,13.1,
Maeda, Kenta,628317,2016,5.4,2.9,90.6,2302,18.2,78.6,2454,13.5,83.1,1740,16.4,
Dickey, R.A.,285079,2017,4.3,4.7,83.6,1878,19.9,77.3,1530,9.5,,,,
Lackey, John,407793,2017,6.8,3.9,87.5,2163,13.7,77.5,2283,8.7,83.5,1647,17.7,
Greinke, Zack,425844,2017,7.4,5.4,90.8,2382,18.3,80.4,2594,11.4,87.1,1821,15.3,
Santana, Ervin,429722,2017,5.9,6.2,92.8,2196,20.2,84.5,2372,10.7,85.8,1516,20.1,
Verlander, Justin,434378,2017,7.2,4.9,95.3,2540,22.3,84.9,2646,10.3,87.6,1813,18.8,
Hammel, Jason,434628,2017,7.1,4.3,92.1,2178,19.9,83.4,2435,6.9,85.1,1764,19.1,
Nolasco, Ricky,445060,2017,8.4,3.4,90.9,2055,19,79.1,2382,9.8,80.9,1379,13.5,
Kluber, Corey,446372,2017,5.3,6.4,91.3,2380,14.3,84.4,2589,14.7,85.8,1707,14.8,
Vargas, Jason,450306,2017,5.5,3.9,85.6,2197,17.7,72.1,2491,17.7,79.5,2278,17.4,
Lester, Jon,452657,2017,5.4,4.2,89.9,2223,15.7,75.6,2512,11.8,84.6,1743,15.3,
Scherzer, Max,453286,2017,5.6,3.8,93.2,2495,18.7,83.1,2433,8.4,84.6,1519,15.1,
Richard, Clayton,453385,2017,4.4,5.9,90.5,2090,16.5,81.5,2211,6.6,83.7,1848,15.7,
Arrieta, Jake,453562,2017,5.6,4.4,92.2,2260,19.1,83.3,2578,13.4,87.3,1800,16.1,
Lynn, Lance,458681,2017,5.8,5.4,91.3,2316,17.1,78.9,2184,9.8,86,1987,17.1,
Gonzalez, Gio,461829,2017,4.9,5.2,89.7,2208,20.1,74.8,2708,18.4,83,1676,16.9,
Estrada, Marco,462136,2017,7,4,89.5,2401,23.3,77.5,2662,12.5,77.5,2125,23.8,
Nova, Ivan,467100,2017,6.5,3.8,92.8,2193,20.2,80.6,2352,6.5,86.4,1965,19.8,
Chacin, Jhoulys,468504,2017,5.7,4.2,91.2,2146,21.4,79.6,2482,14,83.3,1503,17.6,
Carrasco, Carlos,471911,2017,7.4,5.2,94.2,2228,19.8,84.3,2588,6.1,88.4,1485,13.4,
Hellickson, Jeremy,476451,2017,6.4,3.9,89.4,2143,19.8,76.7,2924,16.4,81.3,1830,16,
Kershaw, Clayton,477132,2017,6.3,4.9,92.9,2339,23,83.6,2435,13.5,85.9,2171,25,
Cashner, Andrew,488768,2017,3.9,6.1,93.2,2104,20.1,85.4,2120,8.1,84.9,1495,17.1,
Quintana, Jose,500779,2017,5.9,4.5,92.1,2029,19.1,77.1,2187,12.2,86.1,1329,15.4,
Archer, Chris,502042,2017,5.9,2.6,95.5,2249,19.5,88.9,2546,4.7,85.9,1766,17,
Cobb, Alex,502171,2017,6,5.1,91.7,2101,21.6,80.5,2536,16.4,85.6,1599,19.8,
Samardzija, Jeff,502188,2017,6.3,4.6,93.9,2474,18.8,84.7,2392,9.9,86.7,1690,15.6,
Leake, Mike,502190,2017,5.1,5,89.8,2075,14.7,80.2,2510,10.6,84.5,1770,16.4,
Darvish, Yu,506433,2017,6.3,6.3,93,2489,15.9,80.8,2633,17.5,87.7,1823,13.2,
Moore, Matt,519043,2017,9,2.3,91.3,2238,21.2,81.1,2394,7.7,83.1,1727,18.9,
Nelson, Jimmy,519076,2017,4,7.2,93.9,2213,17.9,86.2,2548,10.6,87.6,1561,9.8,
Pomeranz, Drew,519141,2017,6.7,4.7,90.9,2353,19.5,79.4,2204,17.4,81.1,1697,18.3,
Porcello, Rick,519144,2017,8,4.5,91.1,2389,19.7,80.4,2671,12.3,80.3,1621,17.5,
Sale, Chris,519242,2017,6.1,3.7,94.5,2305,20,79.8,2395,13.7,86.8,2016,19.9,
Perez, Martin,527048,2017,5.4,3.7,93.1,2048,19,81.6,2455,7.8,84.6,1780,17.8,
Teheran, Julio,527054,2017,6.4,4.3,91.3,2229,17.8,79.7,2503,8.8,81.9,1595,17.9,
Cole, Gerrit,543037,2017,7.6,5.7,95.8,2149,21.1,84.9,2528,9.3,88.5,1631,19.3,
Gray, Sonny,543243,2017,6.2,6.5,92.7,2279,15.5,83.3,2866,13.2,89.5,1827,14.7,
Roark, Tanner,543699,2017,5.4,4.3,92.3,2058,20.1,81.1,2511,13.9,83.7,1757,17.5,
Strasburg, Stephen,544931,2017,6.1,3.6,95.3,2164,20.3,83.8,2707,14.5,88.6,1745,17.2,
Bauer, Trevor,545333,2017,7.8,3.9,92.5,2325,18.3,78.8,2546,17.6,86.8,1646,17,
Tanaka, Masahiro,547888,2017,8.6,4.9,91.5,2156,18.2,83.4,2380,7.7,87.6,1497,13.9,
Urena, Jose,570632,2017,8.6,6.2,95.6,2164,20,85,2305,10,88.6,1807,19.2,
Corbin, Patrick,571578,2017,6.7,4.3,92.2,2269,16.7,80.9,2359,7.7,83.5,1797,16.1,
Straily, Dan,573185,2017,6.9,3.6,90.4,2230,22.1,82.8,2408,9.2,83.4,1408,14.3,
Stroman, Marcus,573186,2017,5,4,93.2,2274,12.9,85.8,2735,12.1,82.7,1680,17.3,
Gausman, Kevin,592332,2017,8.2,4.6,94.9,2249,22.2,82.6,2291,5.1,85,1602,17.8,
Ray, Robbie,592662,2017,6.2,3.5,94.1,2276,19.7,83.2,2067,6.6,,,,
Martinez, Carlos,593372,2017,4.8,6.1,95.6,2049,18.1,85,2183,10.8,87.8,1988,17.6,
deGrom, Jacob,594798,2017,5.9,6.1,95.1,2343,19,86.9,2480,6.9,87.7,1793,17.2,
Bundy, Dylan,605164,2017,7.8,3.7,92.1,2469,22.1,80.3,2403,8.8,83.6,1754,19.1,
Davies, Zach,605200,2017,4,7.3,89.1,2135,19.1,73.4,2603,16.2,79.4,1795,19.1,
Fulmer, Michael,605242,2017,4.9,4.7,95.8,2065,18.6,88.9,2377,8.7,87.8,1748,14,
Nola, Aaron,605400,2017,5,6.3,91.9,2074,17.4,77.4,2544,21.1,83.8,1435,13.5,
Perdomo, Luis,606131,2017,5,4.6,94,1955,21.8,84.4,2338,6.1,87.2,1488,19.1,
Wacha, Michael,608379,2017,5.6,4.5,94.1,2155,17.7,76.5,2234,14.8,87.8,1702,16.1,
Marquez, German,608566,2017,7.1,3.2,94.9,2171,18.1,81.5,2589,11.4,85.6,1682,14,
Blach, Ty,621389,2017,3.7,5.7,90.1,2104,22.3,77.4,2231,7,80.2,1990,22.6,
Severino, Luis,622663,2017,6.1,4.6,97.5,2301,20.6,88.3,2689,7.6,87.2,1671,18.5,
Wainwright, Adam,425794,2022,6.5,4.2,86.8,2291,14.1,72.9,2776,22,82.2,1765,16.6,
Verlander, Justin,434378,2022,6.3,5.2,95,2423,21.5,84.1,2536,9.4,86.2,1756,19,
Kluber, Corey,446372,2022,6.9,5.8,87.5,2292,13.5,80.7,2526,16.9,82.9,1653,15.5,
Morton, Charlie,450203,2022,9.5,4.3,93.7,2368,14.9,81.3,3068,18.3,87.2,2154,17.8,
Quintana, Jose,500779,2022,5.5,6.5,91.3,2075,16.3,78.4,2261,11,86.4,1319,13.6,
Gibson, Kyle,502043,2022,7.5,4.4,90.9,2241,14.2,82.3,2499,7.2,84.6,1621,15.4,
Darvish, Yu,506433,2022,8.8,4,90.7,2571,12.6,80.6,2719,16.5,89.2,1309,8.8,
Kelly, Merrill,518876,2022,8.3,3.4,92.1,2312,16.4,82.2,2548,13.7,88.6,2160,16.9,
Perez, Martin,527048,2022,4.3,4.7,91.6,2083,16.8,80.4,2482,8,84.4,1661,16.9,
Anderson, Tyler,542881,2022,4.9,7,88.9,2293,16.5,73.2,2141,8.7,79,1848,16.2,
Cole, Gerrit,543037,2022,9.5,3.1,97.1,2434,19.8,86.8,2637,9.2,89.7,1616,17.1,
Lyles, Jordan,543475,2022,10.4,5.1,91.1,2180,17.6,79.7,2566,16.9,86.3,1466,15.9,
Mikolas, Miles,571945,2022,6.9,4.3,93.3,2265,17,82.5,2460,11.4,82.7,1575,15.5,
Gausman, Kevin,592332,2022,8.1,3.1,95,2265,20.5,84.4,2198,4.1,85.2,1567,16,
Ray, Robbie,592662,2022,7.9,3.6,93.4,2250,19.6,86.8,2186,7.9,86.9,1759,17.2,
Taillon, Jameson,592791,2022,8.3,4.8,93.4,2387,17.9,83.9,2634,10.5,87.7,1845,17.8,
Gonzales, Marco,594835,2022,7.2,4.8,87.6,2001,16.7,76.6,2114,14.6,79.4,2114,18.8,
Pivetta, Nick,601713,2022,9,2.5,93.4,2310,21.3,80.8,2546,15,87.1,1170,12.3,
Bassitt, Chris,605135,2022,6.6,6.6,91.9,2172,15.5,75.5,2331,16.6,85.4,1824,17.9,
Musgrove, Joe,605397,2022,6,6.8,91.8,2551,12.5,82.2,2718,14.8,86.5,1974,12.4,
Nola, Aaron,605400,2022,7.1,5.1,91.9,2262,18.7,78.6,2589,18.1,85.9,1482,15.9,
Rodon, Carlos,607074,2022,6.5,5,95.5,2349,19.1,84.5,2448,9.5,84.6,1757,17.8,
Freeland, Kyle,607536,2022,9.7,4.2,90,2374,14.7,83.4,2407,6.5,84.8,1485,13.3,
Fried, Max,608331,2022,4,5.9,93.9,2108,13.3,80.3,2583,12.5,86.5,1411,13.8,
Irvin, Cole,608344,2022,9.6,3.3,90.4,1965,18.7,77.5,2073,10.2,83,1554,15.4,
Marquez, German,608566,2022,7.1,3.4,95.4,2126,16.6,87.1,2486,4.1,87.8,1595,13.2,
Quantrill, Cal,615698,2022,7.5,5,91.4,2164,14.4,82.7,2449,5.4,85.3,1532,14.6,
Berrios, Jose,621244,2022,9.5,4.4,93.9,2180,18.9,82.9,2285,16.5,84.6,1522,15.4,
Urias, Julio,628711,2022,6.7,4.8,93.1,2521,17,80.9,2914,16.5,86.2,1950,15.6,
Lopez, Pablo,641154,2022,9,4.8,92.7,2173,13.2,80.9,2495,14.9,87.5,1965,17.8,
Alcantara, Sandy,645261,2022,5.3,6.1,97.9,2246,18.8,89.9,2355,4.2,91.8,2056,17.3,
Cease, Dylan,656302,2022,6.2,5,96.8,2507,19.3,85.9,2800,8.1,77.9,1720,17.5,
Montgomery, Jordan,656756,2022,7.1,3.1,92.7,2252,18.2,80.2,2263,6.2,82.3,1677,16.3,
Wright, Kyle,657140,2022,6.8,4.2,94.7,2316,17.3,85.7,2666,11.9,88.1,1699,16.1,
Webb, Logan,657277,2022,5.5,4.9,91.9,1898,15.1,82.5,2628,10.5,86.4,1493,9.3,
Ohtani, Shohei,660271,2022,6.3,4.1,95.7,2239,13.5,83.9,2490,15.5,89.3,1270,6.8,
McKenzie, Triston,663474,2022,9.8,3.6,92.5,2313,20.8,83.4,2197,11.6,,,,
McClanahan, Shane,663556,2022,6.4,3.2,96.7,2233,20.8,84.9,2517,10.7,87.7,1732,19.4,
Valdez, Framber,664285,2022,5.8,4.1,92.1,2279,14.4,79.1,2848,20.1,88.7,1631,15.7,
Urquidy, Jose,664353,2022,9.4,2,93,2227,20.2,79.1,2626,15.9,86.1,2006,20.9,
Manoah, Alek,666201,2022,5.4,4.3,93.6,2295,18,81.5,2216,14.7,86.5,1980,17.7,
Gallen, Zac,668678,2022,7.8,4.1,93.1,2421,16,81.8,2515,13.8,86.2,1539,12.9,
Burnes, Corbin,669203,2022,5.7,4.7,95.2,2611,13,83.8,2774,10.7,90.3,2045,16.3,
Gilbert, Logan,669302,2022,7.1,3.7,96.1,2131,19,84.8,2231,8.6,86.2,1752,17.7,
Bieber, Shane,669456,2022,7.2,2.9,89.8,2302,16.3,83.8,2391,8.6,86.4,1557,14.8,
Wainwright, Adam,425794,2019,6.5,3.3,88,2238,12.9,74.9,2752,22.1,83.9,1769,16.9,
Greinke, Zack,425844,2019,6.3,2.7,89.9,2318,16.9,77.4,2481,12.3,87.3,1779,13.2,
Verlander, Justin,434378,2019,7.2,3,94.6,2577,23,84.5,2690,10.4,86.9,1866,19.5,
Sanchez, Anibal,434671,2019,6.6,2.5,89.3,2251,16.1,78.9,2180,5.8,82.1,1670,15.9,
Morton, Charlie,450203,2019,5,3.5,92.8,2237,16.7,78.6,2886,20.9,84.9,2124,20.4,
Lester, Jon,452657,2019,7.4,3.3,89.1,2302,14,74.5,2606,12.6,84.3,1939,15.3,
Scherzer, Max,453286,2019,6.6,4.9,94.2,2470,17.4,83.5,2472,6.8,84.3,1551,16.1,
Bailey, Homer,456701,2019,5.7,1.6,92.9,2090,17.1,83.9,1872,9.1,84.1,1125,9.3,
Lynn, Lance,458681,2019,5.9,3.9,93.2,2467,14.1,81.2,2352,12.6,86.9,1811,14.4,
Nova, Ivan,467100,2019,7.2,4.1,91.3,2181,16.4,79.9,2258,7.2,86.2,2000,18.2,
Anderson, Brett,474463,2019,7.3,3.5,90.3,1867,15.9,80.5,2386,11.5,82.6,1481,15.9,
Kershaw, Clayton,477132,2019,6.6,3.6,90.3,2477,19.3,82.9,2606,11.8,85.2,2210,21.5,
Miley, Wade,489119,2019,4.3,3.1,88.3,2229,11.9,76.1,2425,13.8,81.2,1869,18.5,
Quintana, Jose,500779,2019,5.7,2.2,91.4,2000,17.3,77,2215,12,86.5,1287,13.4,
Minor, Mike,501985,2019,7,3.7,92.5,2650,16.2,84.3,2660,9,86.2,2287,21.2,
Samardzija, Jeff,502188,2019,8.3,2,90.8,2559,16.4,83.6,2455,8.4,82.3,1451,13.3,
Leake, Mike,502190,2019,8.8,2.2,87.6,2131,9.9,79.9,2533,11.9,84,1719,12.9,
Darvish, Yu,506433,2019,7.4,3.4,90.5,2533,11.8,80.7,2690,17.1,88.1,1426,9.3,
Bumgarner, Madison,518516,2019,9,2.4,89.6,2441,13.9,78.8,2645,12.8,84.2,1638,15.9,
Kelly, Merrill,518876,2019,9.5,2.3,91.3,2403,14.8,80.6,2683,15.9,86,2109,18.5,
Porcello, Rick,519144,2019,9.4,4.7,90.4,2370,18.3,80.5,2660,10.6,80.8,1600,16.2,
Perez, Martin,527048,2019,5.3,5.1,91.7,2178,14.3,79.2,2637,8.5,85.3,1795,18,
Teheran, Julio,527054,2019,6.9,2.2,89.6,2352,14.7,80.4,2643,7.4,83.6,1704,16.8,
Cole, Gerrit,543037,2019,5.9,3,97.1,2529,21.7,86.6,2736,11.2,88.6,1870,19.5,
DeSclafani, Anthony,543101,2019,7.1,3.4,94.7,2196,18.8,87.1,2217,8.1,88.5,1535,15.2,
Gray, Sonny,543243,2019,6.8,2.8,93.2,2493,15.3,83.1,2934,18.5,89.7,2047,16.3,
Hendricks, Kyle,543294,2019,5.4,6.1,86.9,1987,16.3,71.4,2784,19.6,78.6,2115,17.3,
Roark, Tanner,543699,2019,8.4,2.6,92,2113,19,82.4,2436,11.8,84.1,1701,17.3,
Strasburg, Stephen,544931,2019,6.1,3.4,93.8,2152,18.2,81.3,2767,15.2,87.7,1679,15.9,
Bauer, Trevor,545333,2019,8.6,3.4,91.8,2457,16,79.3,2626,20,86,1704,18.1,
Tanaka, Masahiro,547888,2019,6,2.6,91.1,2108,18.3,82.7,2390,8,86.8,1589,14,
Ryu, Hyun Jin,547943,2019,4.7,4.3,89.4,2064,14.1,72.8,2568,18.5,80,1487,13.9,
Wheeler, Zack,554430,2019,5.3,4.7,96.7,2299,18.9,87.6,2473,9.5,88.9,1736,15.9,
Boyd, Matthew,571510,2019,8.8,2.9,92,2381,18.2,78.9,2363,6.5,79.1,1956,16.3,
Corbin, Patrick,571578,2019,9.4,2.3,91.8,2227,18.2,80.5,2363,4.3,81.8,1646,15.1,
Fiers, Mike,571666,2019,7.2,5.3,90.3,2297,20.8,79.9,2630,16,84.1,1933,18,
Mikolas, Miles,571945,2019,6.1,3.1,93.6,2268,17.1,82.9,2455,11.1,87.7,1667,15.8,
Stroman, Marcus,573186,2019,4.1,3.1,91.9,2452,10.9,85.4,2833,11.8,87,1929,15.8,
Ray, Robbie,592662,2019,10.7,4,92.4,2243,19.7,83.3,2110,5,,,,
Syndergaard, Noah,592789,2019,4.9,3,97.6,2151,16.6,85.7,2219,7.7,91.1,1689,17.8,
Rodriguez, Eduardo,593958,2019,5.9,3.7,91.9,2191,15.1,83.3,2252,7.1,87.6,2047,18.6,
deGrom, Jacob,594798,2019,4.8,3,96.9,2385,17.4,91.8,2460,7.6,90.3,1703,14.4,
Gonzales, Marco,594835,2019,4.9,3.7,87.6,2250,16.7,76.3,2346,14.8,81.2,2171,19.7,
Junis, Jakob,596001,2019,8.6,2.2,91.5,2026,15.6,81.4,2490,15.3,84.6,1336,7.5,
Musgrove, Joe,605397,2019,6.4,2.7,91.9,2404,12.8,82.9,2519,12.1,85.3,2001,9.2,
Nola, Aaron,605400,2019,6.8,3,92.8,2162,18.5,79.1,2574,18.4,85.8,1570,15.6,
Fried, Max,608331,2019,4.4,4,93.8,2072,12.9,78.1,2737,18,84.8,1514,13.4,
Giolito, Lucas,608337,2019,9.4,3.6,94.2,2333,19.8,83.4,2140,9,81.7,1563,16.3,
Marquez, German,608566,2019,7.9,1.6,95.4,2207,15.6,86.1,2540,4.8,87.8,1969,17.5,
Eflin, Zach,621107,2019,6.9,4,93.5,2149,16.9,85.7,2272,8.7,86.7,1787,16.4,
Buehler, Walker,621111,2019,5.4,1.7,95.9,2491,17.1,84,2891,15.1,91.6,1516,14.5,
Berrios, Jose,621244,2019,6.5,4.4,92.7,2156,18,81.4,2338,17.4,82.5,1705,15.1,
Castillo, Luis,622491,2019,5.1,4.9,96.4,2130,18.7,85.9,2330,2.1,87.2,1972,17.3,
Lopez, Reynaldo,625643,2019,7.6,3,95.4,2137,18.3,82.5,2109,5.4,84,1610,16.3,
Hudson, Dakota,641712,2019,6.8,2.9,93.6,2141,14.4,85.9,2364,6,88.1,1459,14.1,
Keller, Brad,641745,2019,5.9,3.3,93.3,2221,14.5,84.9,2510,8.9,87.8,1698,10.3,
Alcantara, Sandy,645261,2019,6.5,4.5,95.5,2374,18.4,84.8,2479,6.1,89.1,1923,17,
Soroka, Mike,647336,2019,5.1,4.3,92.4,2231,17,83.2,2776,7.8,81.2,2178,19.1,
Flaherty, Jack,656427,2019,6.9,4.6,93.8,2178,15,82.8,2423,11.1,86.2,1700,13.6,
Lucchesi, Joey,664192,2019,7.2,4,90.2,2219,17.2,78.9,2091,3,,,,
Bieber, Shane,669456,2019,8.5,1.4,93.1,2254,19.7,84,2341,7.2,87.6,1725,17.5,
Wainwright, Adam,425794,2021,6.2,3.2,87.5,2295,14.3,73.5,2839,22.2,82.7,1715,16,
Greinke, Zack,425844,2021,6.5,4.8,89,2224,16.7,77.2,2361,12.4,86.4,1594,13.7,
Morton, Charlie,450203,2021,4.9,4.9,94.1,2301,16.3,80.6,3053,19.5,86.4,2100,18.4,
Scherzer, Max,453286,2021,8,5.1,93.6,2441,17.7,82.8,2404,9.2,85,1446,15.9,
Miley, Wade,489119,2021,6.1,8.2,86.6,2262,10.7,77.4,2342,13.5,81.9,1807,16.4,
Gibson, Kyle,502043,2021,4.9,4,91.7,2224,15,82,2485,8,84.8,1641,15.2,
Darvish, Yu,506433,2021,8.8,3.7,90.2,2637,12.8,79.9,2749,16.8,88.9,1471,11.1,
Anderson, Tyler,542881,2021,8.5,7.7,88.4,2357,16.9,77.7,2453,7.1,80.9,1835,19,
Cole, Gerrit,543037,2021,9.8,3.6,97.7,2451,21.7,86.3,2683,10.2,89.8,1719,18.9,
DeSclafani, Anthony,543101,2021,8.1,6.5,94,2194,19.1,87,2154,7.2,88.2,1583,16.6,
Eovaldi, Nathan,543135,2021,6.3,4.2,95.9,2151,17.3,81.6,2116,11.3,87.9,1536,11.4,
Hendricks, Kyle,543294,2021,8.4,7.9,87.3,1862,16.8,73.2,2844,19.1,80,2008,17.4,
Lyles, Jordan,543475,2021,9.1,5.4,92.4,2279,18.5,82,2645,13.1,86.4,1594,16.9,
Ryu, Hyun Jin,547943,2021,8.5,4.2,88.4,1965,14.2,74.1,2494,17.5,79.9,1511,15.9,
Wheeler, Zack,554430,2021,4.6,9.5,97,2331,18.3,88.5,2466,9.5,90.6,1590,17.3,
Corbin, Patrick,571578,2021,9.2,6.6,92.4,2123,18.1,80.3,2205,4.2,81.5,1619,16.9,
Keuchel, Dallas,572971,2021,9,5.2,86.8,2078,13,77.8,2374,7.6,79.6,1630,15.8,
Stroman, Marcus,573186,2021,6.5,7.3,91.4,2371,9.9,84.7,2676,12.2,86.1,1635,12.7,
Gausman, Kevin,592332,2021,7.1,5.5,94.6,2283,19.5,82,2197,3.5,83.6,1542,13.5,
Ray, Robbie,592662,2021,9.8,2.6,94.8,2272,19.1,87.6,2176,6.7,88.2,1726,17.1,
Montas, Frankie,593423,2021,8.7,5.7,95.7,2362,18.6,88.1,2478,7.8,87.5,1595,12.4,
Musgrove, Joe,605397,2021,7.2,4.2,92.2,2599,11.6,83.1,2795,15.9,87.1,2069,10.8,
Nola, Aaron,605400,2021,7.1,3.6,92.5,2181,19.2,78.5,2529,17.9,85.2,1511,15.5,
Woodruff, Brandon,605540,2021,5.8,7.2,96.4,2326,18.4,84.7,2613,10.5,86.5,1906,16.4,
Fried, Max,608331,2021,6.3,8,93.8,2087,13.5,79.2,2574,14,84.7,1411,13.6,
Giolito, Lucas,608337,2021,6.7,5.4,93.8,2345,20.3,85,2069,6.8,81.5,1492,16.7,
Irvin, Cole,608344,2021,7.3,3.6,90.7,1934,18.8,81.9,2017,4.6,84.2,1584,15.8,
Marquez, German,608566,2021,5.3,5.9,94.7,2075,13.6,85.8,2526,4.3,86.1,1670,13.7,
Buehler, Walker,621111,2021,6.8,6.8,94.4,2493,16.6,82.5,2829,16.4,91.5,1522,14.4,
McCullers Jr., Lance,621121,2021,5.3,1.9,93.8,2132,14.9,85.1,2859,15.4,85.8,1682,17.5,
Berrios, Jose,621244,2021,9.1,6.2,93.9,2180,18.8,82.9,2338,15.6,84.8,1521,14.9,
Castillo, Luis,622491,2021,4.5,6.2,97.2,2242,17.7,86.4,2441,2.7,88.3,1971,16.9,
Flexen, Chris,623167,2021,6.3,3.7,91.2,2188,14.6,77.2,2708,15.5,82.7,1326,15.7,
Urias, Julio,628711,2021,5.3,8.1,94.1,2499,17.8,81.4,2885,16.1,86.8,1921,16.4,
Manaea, Sean,640455,2021,8,4.7,92.1,1996,18.6,82.6,2008,6.5,84.5,1377,14.2,
Mahle, Tyler,641816,2021,6.5,5.7,93.4,2344,20,86.7,2535,7.9,86.5,1842,16.9,
Alcantara, Sandy,645261,2021,6.1,5.6,97.8,2287,18.3,89.8,2363,4.8,91.8,2005,16.5,
Cease, Dylan,656302,2021,9.9,4.7,96.7,2543,19.4,83.9,2838,11.4,78.1,1641,17.4,
Burnes, Corbin,669203,2021,3.1,5.2,95.5,2733,13,83.5,2865,12.1,90.7,1873,16.1,
Colon, Bartolo,112526,2015,5.4,2.3,88.9,2161,17.4,82.8,2164,6.5,82.6,1727,16.4,
Burnett, A.J.,150359,2015,4.8,2.4,91.6,2009,14.6,82.3,2023,12.8,86.3,1678,12,
Buehrle, Mark,279824,2015,4.9,5.2,82.9,1996,12.6,71.7,2137,11.9,78.7,1625,16.2,
Sabathia, CC,282332,2015,4.1,2.8,90.2,2075,18.1,79.6,1823,11.8,83.9,1950,15,
Dickey, R.A.,285079,2015,4.4,2.6,82.3,1810,17.2,76.7,1359,9.6,,,,
Lackey, John,407793,2015,5.6,3.9,90.3,2137,13.8,78.6,2082,11.1,84.3,1956,17.9,
Lewis, Colby,407890,2015,6.8,1.8,88.5,2272,20.2,82,2078,9.9,83.8,1961,18.5,
Harang, Aaron,421685,2015,7,2.4,89.8,2301,20,80.1,2005,5.7,84.1,1640,16.4,
Greinke, Zack,425844,2015,4,3.2,92.3,2367,16.4,83.2,2371,11.2,88.7,1741,12.4,
Haren, Dan,429717,2015,6.4,2.2,85.2,2162,15.7,76.8,2212,11.3,81.7,1383,11.7,
Simon, Alfredo,430580,2015,6.1,2.7,92.7,2120,16.7,77.4,2169,13.9,85.2,1566,13.6,
Hamels, Cole,430935,2015,4.4,4.2,92.3,2082,17.7,78.8,2235,15.3,84.9,1722,18.1,
Kazmir, Scott,431148,2015,5.2,5,91.1,2189,20.6,79.7,1869,5.3,76.4,1388,18.7,
Danks, John,433579,2015,5.1,3.6,89.2,2345,20.4,76.3,1783,6.5,81.5,1786,19.9,
Hernandez, Felix,433587,2015,4.2,2.8,92.2,1923,13.9,81.6,2356,17.7,88.5,1779,11.6,
Liriano, Francisco,434538,2015,4.3,4.1,93,2027,18.8,85.5,2055,4.6,85,1784,18.3,
Jimenez, Ubaldo,434622,2015,4.2,4,91,2060,18.8,81.8,2282,13.1,84.7,1440,13.2,
Hammel, Jason,434628,2015,7.1,2.2,92.8,2147,18.6,83.8,2072,8.9,85.6,1715,16.4,
Kluber, Corey,446372,2015,5.6,2.2,93.4,2253,16.6,86.9,2438,12.8,85.6,1743,13.4,
Shields, James,448306,2015,5.6,3.1,90,2258,15.1,78.7,2442,15,84.9,1737,14.7,
Volquez, Edinson,450172,2015,5.9,3.6,94.3,2308,20.1,81,2631,13.4,85.2,1281,13.2,
Gallardo, Yovani,451596,2015,2.8,2.7,91.1,2085,18.2,85.5,2225,12,85.7,1889,17.7,
Lester, Jon,452657,2015,4.4,4.2,91.2,2213,14.8,75.5,2360,13.4,85.1,1653,15.8,
Kennedy, Ian,453178,2015,8.3,2.3,91.9,2359,19.9,80.4,2264,14.7,83.9,1880,16.2,
Scherzer, Max,453286,2015,5.8,3.4,94.7,2493,18.6,84.5,2209,6.1,85.4,1474,15,
Arrieta, Jake,453562,2015,2.2,3.8,95.2,2273,17.5,87.5,2411,13,89.5,1944,16.8,
Price, David,456034,2015,4.6,3.1,93.7,2216,18.4,80.2,2045,12.4,85.8,1975,20,
Cueto, Johnny,456501,2015,4.9,4.2,91.8,2264,16.2,83.4,2098,6.8,84,1558,11.8,
Happ, J.A.,457918,2015,4.6,2.9,92.4,2339,18.5,82.3,2166,7.8,85.6,1829,19,
Lynn, Lance,458681,2015,4.9,3.5,92.4,2349,16,83.7,2201,9.8,84.9,1903,15.6,
Pelfrey, Mike,460059,2015,4.6,3.7,93.9,1909,16.4,81.4,1852,8.7,81.3,784,9,
Gonzalez, Gio,461829,2015,4.8,4.1,92.6,2204,20.1,78.7,2814,19.2,84.5,1672,17,
Estrada, Marco,462136,2015,5.3,1.7,89.7,2352,21.5,77.8,2580,16.8,79.1,2091,20.6,
Carrasco, Carlos,471911,2015,4.5,2.1,95.2,2231,17.9,86.8,2284,7.5,89,1734,10.2,
Anderson, Brett,474463,2015,4.1,1.9,91.2,1806,15.8,80.6,2288,13.3,83.9,1544,15.7,
Ross, Tyson,475115,2015,3.3,2.7,93.5,2469,14,87.2,2427,6,89.4,2233,14.1,
Niese, Jonathon,477003,2015,4.4,3.2,89.1,2017,14.6,75.7,2163,9.9,83.3,1347,15.5,
Kershaw, Clayton,477132,2015,3.3,4.2,94.3,2215,19.2,82.9,2185,12.2,88.3,2036,18.9,
Cashner, Andrew,488768,2015,5.1,2.6,95.4,2176,18.1,85.5,2033,6.3,86.3,1639,15,
Miley, Wade,489119,2015,4.5,3.1,91.4,2175,20.6,82.3,2178,7.1,83.6,1956,21.1,
Quintana, Jose,500779,2015,4.3,3.2,92,2075,18.5,80.3,2040,7.8,86.3,1342,17.5,
Tillman, Chris,501957,2015,5.1,0.9,92,2260,20.2,79.3,2113,16.7,83.3,1593,16.3,
Archer, Chris,502042,2015,4.6,2,95.8,2187,20,88.4,1935,8.9,86.5,1914,15.6,
Gibson, Kyle,502043,2015,5,4.3,92.3,2147,17.2,84.8,2152,7.4,84.3,1695,14.3,
Locke, Jeff,502046,2015,3.5,3.5,91.9,2000,19.3,80,1750,11.9,81.7,1373,14.1,
Samardzija, Jeff,502188,2015,5.1,3.1,94.1,2461,17.1,85.7,2147,6.2,85.7,1326,14.6,
Leake, Mike,502190,2015,5.3,4.1,91.1,2108,11,80.9,2468,16.7,86.1,1683,15.1,
Santiago, Hector,502327,2015,7.9,2.4,90.2,2195,20.5,77.7,1900,6.8,83.5,1944,20.5,
Salazar, Danny,517593,2015,6.4,2.6,95.5,2335,19,84,2008,10,86.1,1274,10,
Bumgarner, Madison,518516,2015,4.8,3.7,90.5,2263,12.9,77.6,2311,14.4,85.5,1615,16.7,
Harvey, Matt,518774,2015,3.4,3.4,96.6,2333,18.5,87.5,2244,6.3,89,1947,17.2,
Heston, Chris,518790,2015,4.9,3,89.5,2064,16,75.8,2199,17.8,82.6,1932,14.4,
Nelson, Jimmy,519076,2015,4.8,2.7,94.1,2175,16.7,85.4,1990,12.6,86,2107,17.1,
Porcello, Rick,519144,2015,5.6,2.4,91.6,2437,17.7,80.4,2593,16.5,82.8,1692,15.5,
Sale, Chris,519242,2015,4,3.6,95.2,2280,21.4,79.4,2204,13.1,86.3,2100,21.6,
Zimmermann, Jordan,519455,2015,4.2,4.4,93.6,2328,16.3,85.3,2275,9.6,88.7,2164,16.9,
De La Rosa, Rubby,523989,2015,6.1,2.2,94.8,2263,17.3,85.6,1905,5.5,87,2060,14.8,
Teheran, Julio,527054,2015,5.1,2.4,91.8,2197,16.9,79,1941,8.5,83.3,1507,15.2,
Ramirez, Erasmo,541640,2015,4.9,3.1,91.5,2219,18.2,83.2,2198,10.5,81.4,1677,13.5,
Cole, Gerrit,543037,2015,4.3,3.3,96.3,2154,17.4,86.2,2160,10.6,88.8,1708,15.1,
DeSclafani, Anthony,543101,2015,4.9,2.4,93.1,2070,17.1,85.8,2037,8.6,86.3,1630,15.1,
Gray, Sonny,543243,2015,4.5,2.2,93.5,2336,15.3,84.4,2426,15.1,88.1,1794,13.2,
Hendricks, Kyle,543294,2015,3.5,2.5,88.8,2095,14.1,78.3,2472,13.3,80.7,2119,12.3,
Koehler, Tom,543408,2015,5.7,3.1,92.7,2091,18.1,82,2292,14.1,85.1,1691,15.5,
McHugh, Collin,543521,2015,3.5,4.8,89,2259,14.1,73.3,2545,21.8,82.8,1620,14.2,
Odorizzi, Jake,543606,2015,6.2,2.4,90.9,2152,19.9,77.6,2051,14.7,85.6,1457,13.6,
Bauer, Trevor,545333,2015,5.9,2.4,92.1,2218,17.1,80.7,2349,14.4,85.8,1647,14.1,
Ventura, Yordano,570649,2015,5.3,2.1,96.7,2155,19.3,84.6,2550,12.1,87.9,1425,15.2,
Fiers, Mike,571666,2015,5.9,2.5,89.2,2184,18.7,72.9,2537,22.7,83.5,1792,15.4,
Miller, Shelby,571946,2015,3.6,3.3,93,2216,15.1,78.6,2178,16.2,87,1789,15.8,
Richards, Garrett,572070,2015,4.9,4.6,96.2,2486,12.4,86.7,2782,11.7,93.2,2416,17.5,
Keuchel, Dallas,572971,2015,3.3,3.9,89.6,2060,17.4,79.8,2022,10,79.6,1617,21,
Walker, Taijuan,592836,2015,7.6,2.2,94.3,2130,16.5,74.7,1920,17.8,89.4,1486,13.5,
Martinez, Carlos,593372,2015,4.6,4,96,2038,16.9,85.7,1897,10.7,87.4,1990,17.5,
deGrom, Jacob,594798,2015,4,3.6,95.6,2231,17.4,87.2,2268,8.7,86,1739,14,
Wacha, Michael,608379,2015,4.8,4.6,93.9,2091,18.1,76.4,2046,12.4,87.1,1518,14.9,
Chen, Wei-Yin,612672,2015,5.9,3.5,92,2075,21.6,80.5,2110,8.2,83.4,1488,19.6,
Wood, Alex,622072,2015,4.3,2.7,89.7,1915,18.9,80.8,1768,6.8,83.6,1815,18.7,
Greinke, Zack,425844,2018,6.4,3,89.6,2329,17.4,78.7,2514,11.6,86.5,1738,12.8,
Hamels, Cole,430935,2018,7.5,3,90.7,2070,14.9,80.5,2175,9.6,83.4,1652,16.6,
Verlander, Justin,434378,2018,6.2,3.2,95,2618,23,83.8,2767,9.7,87.4,1899,19.3,
Kluber, Corey,446372,2018,6.3,2.4,90.5,2425,12.8,83.8,2607,15.6,85.2,1751,13.4,
Shields, James,448306,2018,8.3,2.5,88.2,2281,12.8,78.2,2478,8.2,83.4,1665,16.1,
Morton, Charlie,450203,2018,5.8,3.6,94.9,2213,17.6,79.7,2923,21.1,87.3,2122,19.2,
Lester, Jon,452657,2018,6.6,2.2,90,2269,15.2,74.8,2571,13.2,84.9,1805,15.2,
LeBlanc, Wade,453281,2018,9,3.5,85,1940,15.3,72.6,2205,13.8,77.7,1522,15.6,
Scherzer, Max,453286,2018,6.6,3.4,93.4,2477,16.2,83,2427,6.2,83.9,1457,15.4,
Arrieta, Jake,453562,2018,5.6,1.9,93,2243,18.6,86.8,2559,11.2,88,1650,15.7,
Price, David,456034,2018,7,3.9,91.2,2179,15.4,79.1,2207,8.3,85.3,1719,17.2,
Happ, J.A.,457918,2018,8.8,2.5,91.9,2297,19,84.2,2180,7,86,1619,16.7,
Gonzalez, Gio,461829,2018,5.8,2.5,89.7,2176,18.5,75.7,2715,20.3,82.7,1631,15.2,
Chacin, Jhoulys,468504,2018,6.5,5.6,90.1,2056,17.3,79.3,2367,13.8,85.1,1533,11.2,
Carrasco, Carlos,471911,2018,6,3,93.5,2309,18.2,83.4,2680,6.1,88,1507,11.1,
Quintana, Jose,500779,2018,6.1,3.7,91.5,2008,17.1,76.1,2176,12.6,86.3,1275,12.7,
Gibson, Kyle,502043,2018,5.7,3,93,2140,17.7,83.9,2472,7.1,85.6,1696,14.9,
Leake, Mike,502190,2018,6.7,2.2,88.2,2083,12.1,79.4,2504,13.1,83.7,1769,14.7,
Holland, Derek,502706,2018,6.6,3.7,91.5,2353,20.5,80,2141,4.4,82.9,2125,18.8,
Porcello, Rick,519144,2018,7,3.4,90.4,2385,18.7,81.9,2653,11.4,81.4,1760,17.1,
Teheran, Julio,527054,2018,7.2,1.9,89.7,2272,16.3,78.4,2607,8.1,82.6,1615,16.5,
Anderson, Tyler,542881,2018,5.7,3.9,90.2,2330,15.3,73.7,2336,11.2,81.2,1901,16.4,
Cole, Gerrit,543037,2018,6.2,3.1,96.5,2372,20.6,85.7,2706,11.9,87.7,1667,18.5,
Hendricks, Kyle,543294,2018,5.7,5.5,86.8,1983,16.6,71.8,2795,19.3,78.6,2090,16.7,
Odorizzi, Jake,543606,2018,7.4,2.5,90.9,2253,19.6,81.3,2219,10.9,84.2,1605,14.6,
Roark, Tanner,543699,2018,6,3.1,91.3,2069,19,79.6,2527,14.3,83.4,1731,17.9,
Bauer, Trevor,545333,2018,4.4,3.5,93,2373,16.2,80.1,2623,18.2,87,1852,17.4,
Wheeler, Zack,554430,2018,4.8,4.8,95.9,2291,18.8,86.7,2415,9.6,89.1,1631,15.8,
Urena, Jose,570632,2018,6.2,2.3,95.8,2125,19.3,86.2,2244,9,89.9,1813,18.9,
Boyd, Matthew,571510,2018,6.1,2.9,90.4,2281,18.4,78.1,2308,7.6,78.6,1760,14.8,
Corbin, Patrick,571578,2018,5.8,2.6,90.8,2236,18,80,2333,3.9,81,1710,16.1,
Fiers, Mike,571666,2018,10.4,1.5,89.4,2294,20.7,79.1,2571,16.3,83.3,1894,17.5,
Heaney, Andrew,571760,2018,7.8,5,91.9,2467,20.3,78.6,2383,6.5,83.3,1931,18.3,
Mikolas, Miles,571945,2018,5.1,4.6,93.9,2268,15.9,83.7,2476,11,88.4,1680,16.6,
Keuchel, Dallas,572971,2018,4.5,3.5,88.6,2090,12.5,78.7,2190,11.6,79.6,1544,15.8,
Foltynewicz, Mike,592314,2018,6.9,1.9,96.4,2320,18.8,84.9,2513,6.3,87.8,1909,18.5,
Gausman, Kevin,592332,2018,7.4,3.3,93.6,2168,19.4,81.4,2210,3.5,82.6,1478,15.1,
Gray, Jon,592351,2018,5.8,2.2,94.7,2014,15.9,85.3,2265,7.7,86.3,1557,14.5,
Taillon, Jameson,592791,2018,4.3,2.9,95.2,2302,16.5,85.9,2527,12.9,87.9,1709,13.6,
Williams, Trevor,592866,2018,5.8,4.7,90.4,2094,15.1,81.4,2199,7.1,83.2,1681,16.3,
deGrom, Jacob,594798,2018,4.1,4.5,95.9,2344,16.6,89,2511,7.3,89,1700,14.1,
Gonzales, Marco,594835,2018,5.4,2.8,88.9,2296,16.4,78.1,2450,15.4,83.6,2206,19.4,
Junis, Jakob,596001,2018,8.6,2.8,91,2007,15.6,81.7,2456,15.1,84.7,1488,11,
Pivetta, Nick,601713,2018,7.8,4.7,94.8,2257,19.5,82.1,2692,14.7,87.1,1856,17.3,
Bundy, Dylan,605164,2018,8.5,3.6,91.6,2396,20.7,79.6,2414,7.8,83.7,1740,17.5,
Clevinger, Mike,605182,2018,5.6,3,93.6,2298,18,78,2317,16.6,87.6,1500,16.4,
Nola, Aaron,605400,2018,4.6,3.7,92.4,2101,18,78,2545,19.5,84.8,1478,14.9,
Snell, Blake,605483,2018,7.2,3.4,95.8,2364,18.7,83.4,2481,11,87.5,1777,18.1,
Freeland, Kyle,607536,2018,5,3.5,91.5,2253,13.4,85,2197,5.4,85.5,1393,12.6,
Giolito, Lucas,608337,2018,7,2.2,92.4,2066,18.1,81.7,2155,9.5,81.7,1651,14.4,
Marquez, German,608566,2018,5.6,2.9,95.2,2198,15.7,83.5,2550,7.4,85.7,1730,15.4,
Berrios, Jose,621244,2018,6,4.6,93.2,2183,18.9,81.7,2360,15.7,83.7,1633,15.3,
Castillo, Luis,622491,2018,8.8,3.9,95.7,2165,19.3,83.6,2206,2.5,86.2,1931,17.3,
Severino, Luis,622663,2018,7.7,2.9,97.6,2365,17.7,88.1,2872,10.6,88.1,1648,16.1,
Lopez, Reynaldo,625643,2018,7.3,2.7,95.5,2102,17.9,81.9,2105,5.7,83.6,1541,15.7,
Godley, Zack,643327,2018,6.4,1.9,89.5,2219,13.9,81.4,2178,10.5,81.1,1287,9,
Newcomb, Sean,656794,2018,4.2,1.8,93,2179,18.3,77.6,2683,18.4,86.3,1619,15.4,